"title","type","show_id"
"Kota Factory","TV Show","s5"
"Chhota Bheem","TV Show","s40"
"Dharmakshetra","TV Show","s51"
"Raja Rasoi Aur Anya Kahaniyan","TV Show","s67"
"Stories by Rabindranath Tagore","TV Show","s70"
"The Creative Indians","TV Show","s267"
"Navarasa","TV Show","s298"
"Alma Matters","TV Show","s877"
"Sab Jholmaal Hai","TV Show","s912"
"Lava Ka Dhaava","TV Show","s919"
"The Big Day","TV Show","s1094"
"Bombay Begums","TV Show","s1228"
"Zindagi in Short","TV Show","s1283"
"Pitta Kathalu","TV Show","s1294"
"Mighty Little Bheem: Kite Festival","TV Show","s1430"
"Regiment Diaries","TV Show","s1490"
"Paava Kadhaigal","TV Show","s1521"
"Bhaag Beanie Bhaag","TV Show","s1590"
"Fabulous Lives of Bollywood Wives","TV Show","s1639"
"Mismatched","TV Show","s1671"
"Bad Boy Billionaires: India","TV Show","s1886"
"Masaba Masaba","TV Show","s2087"
"Little Singham","TV Show","s2293"
"Betaal","TV Show","s2473"
"ChuChu TV Nursery Rhymes & Kids Songs (Hindi)","TV Show","s2665"
"Hasmukh","TV Show","s2671"
"AkbarÂ Birbal","TV Show","s2752"
"Ladies Up","TV Show","s2766"
"She","TV Show","s2793"
"Mighty Little Bheem: Festival of Colors","TV Show","s2842"
"Taj Mahal 1989","TV Show","s2918"
"Jamtara - Sabka Number Ayega","TV Show","s3037"
"Little Things","TV Show","s3294"
"Mighty Little Bheem: Diwali","TV Show","s3404"
"College Romance","TV Show","s3464"
"Engineering Girls","TV Show","s3465"
"Girls Hostel","TV Show","s3467"
"Inmates","TV Show","s3468"
"Bard of Blood","TV Show","s3482"
"Typewriter","TV Show","s3656"
"Leila","TV Show","s3751"
"Delhi Crime","TV Show","s3982"
"Cricket Fever: Mumbai Indians","TV Show","s4055"
"Selection Day","TV Show","s4258"
"GHOUL","TV Show","s4686"
"21 Sarfarosh: Saragarhi 1897","TV Show","s6002"
"7 (Seven)","TV Show","s6025"
"Agent Raghav","TV Show","s6103"
"Anjaan: Rural Myths","TV Show","s6167"
"Anjaan: Special Crimes Unit","TV Show","s6168"
"Badalte Rishton Ki Dastaan","TV Show","s6217"
"Bh Se Bhade","TV Show","s6295"
"Bhaage Re Mann","TV Show","s6296"
"Classic Legends","TV Show","s6496"
"Darr Sabko Lagta Hai","TV Show","s6569"
"Devlok with Devdutt Pattanaik","TV Show","s6602"
"Fear Files... Har Mod Pe Darr","TV Show","s6745"
"Gabru: Hip Hop Revolution","TV Show","s6821"
"Gangs of Hassepur","TV Show","s6826"
"Jhansi Ki Rani","TV Show","s7130"
"Khan: No. 1 Crime Hunter","TV Show","s7185"
"Khelti Hai Zindagi Aankh Micholi","TV Show","s7186"
"Khotey Sikkey","TV Show","s7188"
"Maharakshak Devi","TV Show","s7382"
"Maharakshak: Aryan","TV Show","s7383"
"Mahi Way","TV Show","s7384"
"Midnight Misadventures With Mallika Dua","TV Show","s7454"
"Powder","TV Show","s7760"
"Pyaar Tune Kya Kiya","TV Show","s7807"
"Ramayan","TV Show","s7829"
"Razia Sultan","TV Show","s7836"
"Rishta.com","TV Show","s7873"
"Super Bheem","TV Show","s8122"
"Th Eena Meena Deeka Chase Comedy Show","TV Show","s8173"
"Thackeray","TV Show","s8174"
"The Calling","TV Show","s8236"
"The Golden Years with Javed Akhtar","TV Show","s8322"
"The House That Made Me","TV Show","s8350"
"Yeh Meri Family","TV Show","s8776"
